Method,Silhouette,Calinski-Harabasz,Davies-Bouldin
VAE,0.16626343103921593,10.75137,1.4604033123609765
PCA,0.25974124366873685,16.87961,1.2084294784863063
